Workbook

Sheet SPECIAL Dash
A1: Attributes | B1: Description | C1: Example Activities | D1: Points
A2: (S)trength | B2: Get physically trained. Exercise, run, walk - every slightly rigorous movement counts. | C2: Walk to and from the office, stretch, run, dance | D2: =SUM(Calculation!C3:D3) -> 4
A3: (P)erception | B3: Cast your eyes ahead. Think long-term, avoid procrastination, get your shit done. | C3: Plan ahead, finish chores and tasks, avoid procrastination, lock in | D3: =SUM(Calculation!C4:D4) -> -1
A4: (E)ndurance | B4: Care for your body. Eat healthy, drink enough, try to get enough sleep. | C4: Eat healthy, avoid sugar, sleep | D4: =SUM(Calculation!C5:D5) -> 4
A5: (C)harisma | B5: Get in touch with your social side. Reach out, stand up for yourself, be kind. | C5: Don't yap to friends, be social, act appropriately in social situations | D5: =SUM(Calculation!C6:D6) -> 3
A6: (I)ntelligence | B6: Govern your mind. Resist unhelpful urges, make mindful choices, choose better media. | C6: Read a book, don't overspend, stay off tiktok, play Hypnospace Outlaw, be deliberate | D6: =SUM(Calculation!C7:D7) -> 1
A7: (A)gility | B7: Move fast. Allocate time better, spend time appropriately, don't overthink. | C7: Strictly about time and context switching - don't spend too much time on a task, resist perfectionism, respond to texts promptly, end tasks quickly, don't get stuck, don't hesitate | D7: =SUM(Calculation!C8:D8) -> 2
A8: (L)uck | B8: Get out of your comfort zone. Take risks, try new experiences, see what happens. | C8: Try new routes on a run, wear something different | D8: =SUM(Calculation!C9:D9) -> 2

Sheet Habit Tracker
A1: HABIT DETAILS
A2: Habit | B2: Run | C2: Read 10 pages | D2: No added sugar | E2: >20 mins on IG
A3: Attributes | B3: (S)trength | C3: (I)ntelligence | D3: (E)ndurance | E3: (I)ntelligence
A4: Modifiers | B4: 1 | C4: 1 | D4: 1 | E4: -1 | F4: 1 | G4: 1 | H4: 1 | I4: 1 | J4: 1 | K4: 1 | L4: 1 | M4: 1 | N4: 1 | O4: 1 | P4: 1 | Q4: 1 | R4: 1 | S4: 1 | T4: 1 | U4: 1 | V4: 1 | W4: 1 | X4: 1 | Y4: 1 | Z4: 1
A5: Total Points | B5: =COUNTA(B7:B1003)*B4 -> 1 | C5: =COUNTA(C7:C1003)*C4 -> 1 | D5: =COUNTA(D7:D1003)*D4 -> 3 | E5: =COUNTA(E7:E1003)*E4 -> -1 | F5: =COUNTA(F7:F1003)*F4 -> 0 | G5: =COUNTA(G7:G1003)*G4 -> 0 | H5: =COUNTA(H7:H1003) -> 0 | I5: =COUNTA(I7:I1003) -> 0 | J5: =COUNTA(J7:J1003) -> 0 | K5: =COUNTA(K7:K1003) -> 0 | L5: =COUNTA(L7:L1003) -> 0 | M5: =COUNTA(M7:M1003) -> 0 | N5: =COUNTA(N7:N1003) -> 0 | O5: =COUNTA(O7:O1003) -> 0 | ... Z5: =COUNTA(Z7:Z1003) -> 0
A6: DATES COMPLETED
B7: 45985 | C7: 45986 | D7: 45985 | E7: 45990
D8: 45986
D9: 45987

Sheet Strength
A1: STRENGTH | B1: ='SPECIAL Dash'!B2 -> Get physically trained. Exercise, run, walk - every slightly rigorous movement counts.
A3: Date | B3: Action | C3: Point
A4: 45985 | B4: Yoga | C4: =IF(ISBLANK(A4),,1) -> 1
A5: 45987 | B5: Played Just Dance | C5: =IF(ISBLANK(A5),,1) -> 1
A6: 45987 | B6: Yoga | C6: =IF(ISBLANK(A6),,1) -> 1
C7: =IF(ISBLANK(A7),,1)
C8: =IF(ISBLANK(A8),,1)
C9: =IF(ISBLANK(A9),,1)
C10: =IF(ISBLANK(A10),,1)
C11: =IF(ISBLANK(A11),,1)
C12: =IF(ISBLANK(A12),,1)
C13: =IF(ISBLANK(A13),,1)
C14: =IF(ISBLANK(A14),,1)
C15: =IF(ISBLANK(A15),,1)
C16: =IF(ISBLANK(A16),,1)
C17: =IF(ISBLANK(A17),,1)
C18: =IF(ISBLANK(A18),,1)
... C21: =IF(ISBLANK(A21),,1)

Sheet Perception
A1: PERCEPTION | B1: ='SPECIAL Dash'!B3 -> Cast your eyes ahead. Think long-term, avoid procrastination, get your shit done.
A3: Date | B3: Action | C3: Point
A4: 45986 | B4: Procrastinated resuming work | C4: -1
A5: 45987 | B5: Planned 1 week ahead | C5: =IF(ISBLANK(A5),,1) -> 1
A6: 45987 | B6: Ignored to-do and chatted with co-worker instead | C6: -1
C7: =IF(ISBLANK(A7),,1)
C8: =IF(ISBLANK(A8),,1)
C9: =IF(ISBLANK(A9),,1)
C10: =IF(ISBLANK(A10),,1)
C11: =IF(ISBLANK(A11),,1)
C12: =IF(ISBLANK(A12),,1)
C13: =IF(ISBLANK(A13),,1)
C14: =IF(ISBLANK(A14),,1)
C15: =IF(ISBLANK(A15),,1)
C16: =IF(ISBLANK(A16),,1)
C17: =IF(ISBLANK(A17),,1)
C18: =IF(ISBLANK(A18),,1)
C19: =IF(ISBLANK(A19),,1)

Sheet Endurance
A1: ENDURANCE | B1: ='SPECIAL Dash'!B4 -> Care for your body. Eat healthy, drink enough, try to get enough sleep.
A3: Date | B3: Action | C3: Point
A4: 45985 | B4: Had breakfast | C4: =IF(ISBLANK(A4),,1) -> 1
A5: 45986 | B5: Procrastinated on going to bed | C5: -1
A6: 45987 | B6: Resisted procrastinating on showering | C6: =IF(ISBLANK(A6),,1) -> 1
C7: =IF(ISBLANK(A7),,1)
C8: =IF(ISBLANK(A8),,1)
C9: =IF(ISBLANK(A9),,1)
C10: =IF(ISBLANK(A10),,1)
C11: =IF(ISBLANK(A11),,1)
C12: =IF(ISBLANK(A12),,1)
C13: =IF(ISBLANK(A13),,1)
C14: =IF(ISBLANK(A14),,1)
C15: =IF(ISBLANK(A15),,1)
C16: =IF(ISBLANK(A16),,1)
C17: =IF(ISBLANK(A17),,1)
C18: =IF(ISBLANK(A18),,1)
... C21: =IF(ISBLANK(A21),,1)

Sheet Charisma
A1: CHARISMA | B1: ='SPECIAL Dash'!B5 -> Get in touch with your social side. Reach out, stand up for yourself, be kind.
A3: Date | B3: Action | C3: Point
A4: 45985 | B4: Replied to all unreplied texts | C4: =IF(ISBLANK(A4),,1) -> 1
A5: 45985 | B5: Had a lasting conversation, no ignoring, on Discord | C5: =IF(ISBLANK(A5),,1) -> 1
A6: 45987 | B6: Told boss what he did wrong | C6: =IF(ISBLANK(A6),,1) -> 1
C7: =IF(ISBLANK(A7),,1)
C8: =IF(ISBLANK(A8),,1)
C9: =IF(ISBLANK(A9),,1)
C10: =IF(ISBLANK(A10),,1)
C11: =IF(ISBLANK(A11),,1)
C12: =IF(ISBLANK(A12),,1)
C13: =IF(ISBLANK(A13),,1)
C14: =IF(ISBLANK(A14),,1)
C15: =IF(ISBLANK(A15),,1)
C16: =IF(ISBLANK(A16),,1)
C17: =IF(ISBLANK(A17),,1)
C18: =IF(ISBLANK(A18),,1)
... C20: =IF(ISBLANK(A20),,1)

Sheet Intelligence
A1: INTELLIGENCE | B1: ='SPECIAL Dash'!B6 -> Govern your mind. Resist unhelpful urges, make mindful choices, choose better media.
A3: Date | B3: Action | C3: Point
A4: 45986 | B4: Talked with ChatGPT | C4: -1
A5: 45987 | B5: Didn't open TikTok at all today | C5: =IF(ISBLANK(A5),,1) -> 1
C6: =IF(ISBLANK(A6),,1)
C7: =IF(ISBLANK(A7),,1)
C8: =IF(ISBLANK(A8),,1)
C9: =IF(ISBLANK(A9),,1)
C10: =IF(ISBLANK(A10),,1)
C11: =IF(ISBLANK(A11),,1)
C12: =IF(ISBLANK(A12),,1)
C13: =IF(ISBLANK(A13),,1)
C14: =IF(ISBLANK(A14),,1)
C15: =IF(ISBLANK(A15),,1)
C16: =IF(ISBLANK(A16),,1)
C17: =IF(ISBLANK(A17),,1)
... C21: =IF(ISBLANK(A21),,1)

Sheet Agility
A1: AGILITY | B1: ='SPECIAL Dash'!B7 -> Move fast. Allocate time better, spend time appropriately, don't overthink.
A3: Date | B3: Action | C3: Point
A4: 45985 | B4: Completed ad hoc task | C4: =IF(ISBLANK(A4),,1) -> 1
A5: 45985 | B5: Finished deck on time; didn't focus too much on layout as I usually would. | C5: =IF(ISBLANK(A5),,1) -> 1
A6: 45986 | B6: Spent way too much time on an email. | C6: -1
A7: 45987 | B7: Realized that there was no chance to finish an deck. Pivoted to completing frameworks and completed all 5. | C7: =IF(ISBLANK(A7),,1) -> 1
C8: =IF(ISBLANK(A8),,1)
C9: =IF(ISBLANK(A9),,1)
C10: =IF(ISBLANK(A10),,1)
C11: =IF(ISBLANK(A11),,1)
C12: =IF(ISBLANK(A12),,1)
C13: =IF(ISBLANK(A13),,1)
C14: =IF(ISBLANK(A14),,1)
C15: =IF(ISBLANK(A15),,1)
C16: =IF(ISBLANK(A16),,1)
C17: =IF(ISBLANK(A17),,1)
C18: =IF(ISBLANK(A18),,1)
C19: =IF(ISBLANK(A19),,1)
... C21: =IF(ISBLANK(A21),,1)

Sheet Luck
A1: LUCK | B1: ='SPECIAL Dash'!B8 -> Get out of your comfort zone. Take risks, try new experiences, see what happens.
A3: Date | B3: Action | C3: Point
A4: 45985 | B4: Tried a new route during my run | C4: =IF(ISBLANK(A4),,1) -> 1
A5: 45987 | B5: Wore a new hairstyle to the office | C5: =IF(ISBLANK(A5),,1) -> 1
C6: =IF(ISBLANK(A6),,1)
C7: =IF(ISBLANK(A7),,1)
C8: =IF(ISBLANK(A8),,1)
C9: =IF(ISBLANK(A9),,1)
C10: =IF(ISBLANK(A10),,1)
C11: =IF(ISBLANK(A11),,1)
C12: =IF(ISBLANK(A12),,1)
C13: =IF(ISBLANK(A13),,1)
C14: =IF(ISBLANK(A14),,1)
C15: =IF(ISBLANK(A15),,1)
C16: =IF(ISBLANK(A16),,1)
C17: =IF(ISBLANK(A17),,1)
... C21: =IF(ISBLANK(A21),,1)

Sheet Calculation
B1: CALCULATION - DO NOT TOUCH
B2: Attribute | C2: Points from manual logs | D2: Points from habits
B3: ='SPECIAL Dash'!A2 -> (S)trength | C3: =SUM(Strength!$C$4:$C1001) -> 3 | D3: {=IFERROR(XLOOKUP(B3, 'Habit Tracker'!$B$3:W$3, 'Habit Tracker'!$B$5:W$5), 0)} -> 1
B4: ='SPECIAL Dash'!A3 -> (P)erception | C4: =SUM(Perception!$C$4:$C1001) -> -1 | D4: {=IFERROR(XLOOKUP(B4, 'Habit Tracker'!$B$3:W$3, 'Habit Tracker'!$B$5:W$5), 0)} -> 0
B5: ='SPECIAL Dash'!A4 -> (E)ndurance | C5: =SUM(Endurance!$C$4:$C1001) -> 1 | D5: {=IFERROR(XLOOKUP(B5, 'Habit Tracker'!$B$3:W$3, 'Habit Tracker'!$B$5:W$5), 0)} -> 3
B6: ='SPECIAL Dash'!A5 -> (C)harisma | C6: =SUM(Charisma!$C$4:$C1001) -> 3 | D6: {=IFERROR(XLOOKUP(B6, 'Habit Tracker'!$B$3:W$3, 'Habit Tracker'!$B$5:W$5), 0)} -> 0
B7: ='SPECIAL Dash'!A6 -> (I)ntelligence | C7: =SUM(Intelligence!$C$4:$C1001) -> 0 | D7: {=IFERROR(XLOOKUP(B7, 'Habit Tracker'!$B$3:W$3, 'Habit Tracker'!$B$5:W$5), 0)} -> 1
B8: ='SPECIAL Dash'!A7 -> (A)gility | C8: =SUM(Agility!$C$4:$C1001) -> 2 | D8: {=IFERROR(XLOOKUP(B8, 'Habit Tracker'!$B$3:W$3, 'Habit Tracker'!$B$5:W$5), 0)} -> 0
B9: ='SPECIAL Dash'!A8 -> (L)uck | C9: =SUM(Luck!$C$4:$C1001) -> 2 | D9: {=IFERROR(XLOOKUP(B9, 'Habit Tracker'!$B$3:W$3, 'Habit Tracker'!$B$5:W$5), 0)} -> 0
